"REF_DATE","GEO","DGUID","UOM","UOM_ID","SCALAR_FACTOR","SCALAR_ID","VECTOR","COORDINATE","VALUE","STATUS","SYMBOL","TERMINATED","DECIMALS"
"1983","Canada","2016A000011124","Dollars","81","units ","0","v812679","1","121.10","","","","2"
"1983","Halifax","","Dollars","81","units ","0","v812689","2","112.00","","","","2"
"1983","Montréal","","Dollars","81","units ","0","v812688","3","111.60","","","","2"
"1983","Ottawa","","Dollars","81","units ","0","v812687","4","109.90","","","","2"
"1983","Toronto","","Dollars","81","units ","0","v812686","5","136.20","","","","2"
"1983","Winnipeg","","Dollars","81","units ","0","v812685","6","134.20","","","","2"
"1983","Saskatoon","","Dollars","81","units ","0","v812684","7","125.20","","","","2"
"1983","Regina","","Dollars","81","units ","0","v812683","8","122.10","","","","2"
"1983","Calgary","","Dollars","81","units ","0","v812682","9","121.60","","","","2"
"1983","Edmonton","","Dollars","81","units ","0","v812681","10","122.60","","","","2"
"1983","Vancouver","","Dollars","81","units ","0","v812680","11","132.90","","","","2"
"1984","Canada","2016A000011124","Dollars","81","units ","0","v812679","1","121.80","","","","2"
"1984","Halifax","","Dollars","81","units ","0","v812689","2","109.10","","","","2"
"1984","Montréal","","Dollars","81","units ","0","v812688","3","110.20","","","","2"
"1984","Ottawa","","Dollars","81","units ","0","v812687","4","108.80","","","","2"
"1984","Toronto","","Dollars","81","units ","0","v812686","5","136.70","","","","2"
"1984","Winnipeg","","Dollars","81","units ","0","v812685","6","136.50","","","","2"
"1984","Saskatoon","","Dollars","81","units ","0","v812684","7","122.00","","","","2"
"1984","Regina","","Dollars","81","units ","0","v812683","8","126.00","","","","2"
"1984","Calgary","","Dollars","81","units ","0","v812682","9","121.10","","","","2"
"1984","Edmonton","","Dollars","81","units ","0","v812681","10","122.50","","","","2"
"1984","Vancouver","","Dollars","81","units ","0","v812680","11","140.30","","","","2"
"1985","Canada","2016A000011124","Dollars","81","units ","0","v812679","1","127.80","","","","2"
"1985","Halifax","","Dollars","81","units ","0","v812689","2","113.70","","","","2"
"1985","Montréal","","Dollars","81","units ","0","v812688","3","115.80","","","","2"
"1985","Ottawa","","Dollars","81","units ","0","v812687","4","113.80","","","","2"
"1985","Toronto","","Dollars","81","units ","0","v812686","5","145.10","","","","2"
"1985","Winnipeg","","Dollars","81","units ","0","v812685","6","142.40","","","","2"
"1985","Saskatoon","","Dollars","81","units ","0","v812684","7","133.40","","","","2"
"1985","Regina","","Dollars","81","units ","0","v812683","8","137.10","","","","2"
"1985","Calgary","","Dollars","81","units ","0","v812682","9","129.20","","","","2"
"1985","Edmonton","","Dollars","81","units ","0","v812681","10","129.90","","","","2"
"1985","Vancouver","","Dollars","81","units ","0","v812680","11","144.90","","","","2"
"1986","Canada","2016A000011124","Dollars","81","units ","0","v812679","1","133.60","","","","2"
"1986","Halifax","","Dollars","81","units ","0","v812689","2","121.90","","","","2"
"1986","Montréal","","Dollars","81","units ","0","v812688","3","119.00","","","","2"
"1986","Ottawa","","Dollars","81","units ","0","v812687","4","118.90","","","","2"
"1986","Toronto","","Dollars","81","units ","0","v812686","5","148.80","","","","2"
"1986","Winnipeg","","Dollars","81","units ","0","v812685","6","145.30","","","","2"
"1986","Saskatoon","","Dollars","81","units ","0","v812684","7","136.70","","","","2"
"1986","Regina","","Dollars","81","units ","0","v812683","8","139.00","","","","2"
"1986","Calgary","","Dollars","81","units ","0","v812682","9","133.30","","","","2"
"1986","Edmonton","","Dollars","81","units ","0","v812681","10","131.70","","","","2"
"1986","Vancouver","","Dollars","81","units ","0","v812680","11","153.60","","","","2"
"1987","Canada","2016A000011124","Dollars","81","units ","0","v812679","1","146.80","","","","2"
"1987","Halifax","","Dollars","81","units ","0","v812689","2","133.50","","","","2"
"1987","Montréal","","Dollars","81","units ","0","v812688","3","124.70","","","","2"
"1987","Ottawa","","Dollars","81","units ","0","v812687","4","131.90","","","","2"
"1987","Toronto","","Dollars","81","units ","0","v812686","5","162.10","","","","2"
"1987","Winnipeg","","Dollars","81","units ","0","v812685","6","157.40","","","","2"
"1987","Saskatoon","","Dollars","81","units ","0","v812684","7","142.20","","","","2"
"1987","Regina","","Dollars","81","units ","0","v812683","8","147.90","","","","2"
"1987","Calgary","","Dollars","81","units ","0","v812682","9","147.00","","","","2"
"1987","Edmonton","","Dollars","81","units ","0","v812681","10","145.40","","","","2"
"1987","Vancouver","","Dollars","81","units ","0","v812680","11","176.40","","","","2"
"1988","Canada","2016A000011124","Dollars","81","units ","0","v812679","1","149.30","","","","2"
"1988","Halifax","","Dollars","81","units ","0","v812689","2","141.80","","","","2"
"1988","Montréal","","Dollars","81","units ","0","v812688","3","129.00","","","","2"
"1988","Ottawa","","Dollars","81","units ","0","v812687","4","132.50","","","","2"
"1988","Toronto","","Dollars","81","units ","0","v812686","5","159.90","","","","2"
"1988","Winnipeg","","Dollars","81","units ","0","v812685","6","153.20","","","","2"
"1988","Saskatoon","","Dollars","81","units ","0","v812684","7","140.90","","","","2"
"1988","Regina","","Dollars","81","units ","0","v812683","8","146.80","","","","2"
"1988","Calgary","","Dollars","81","units ","0","v812682","9","148.80","","","","2"
"1988","Edmonton","","Dollars","81","units ","0","v812681","10","146.20","","","","2"
"1988","Vancouver","","Dollars","81","units ","0","v812680","11","182.80","","","","2"
"1989","Canada","2016A000011124","Dollars","81","units ","0","v812679","1","174.40","","","","2"
"1989","Halifax","","Dollars","81","units ","0","v812689","2","163.70","","","","2"
"1989","Montréal","","Dollars","81","units ","0","v812688","3","153.80","","","","2"
"1989","Ottawa","","Dollars","81","units ","0","v812687","4","152.90","","","","2"
"1989","Toronto","","Dollars","81","units ","0","v812686","5","183.20","","","","2"
"1989","Winnipeg","","Dollars","81","units ","0","v812685","6","176.30","","","","2"
"1989","Saskatoon","","Dollars","81","units ","0","v812684","7","166.40","","","","2"
"1989","Regina","","Dollars","81","units ","0","v812683","8","170.10","","","","2"
"1989","Calgary","","Dollars","81","units ","0","v812682","9","171.50","","","","2"
"1989","Edmonton","","Dollars","81","units ","0","v812681","10","169.70","","","","2"
"1989","Vancouver","","Dollars","81","units ","0","v812680","11","211.60","","","","2"
"1990","Canada","2016A000011124","Dollars","81","units ","0","v812679","1","190.20","","","","2"
"1990","Halifax","","Dollars","81","units ","0","v812689","2","173.40","","","","2"
"1990","Montréal","","Dollars","81","units ","0","v812688","3","158.40","","","","2"
"1990","Ottawa","","Dollars","81","units ","0","v812687","4","164.90","","","","2"
"1990","Toronto","","Dollars","81","units ","0","v812686","5","198.30","","","","2"
"1990","Winnipeg","","Dollars","81","units ","0","v812685","6","197.70","","","","2"
"1990","Saskatoon","","Dollars","81","units ","0","v812684","7","175.60","","","","2"
"1990","Regina","","Dollars","81","units ","0","v812683","8","180.50","","","","2"
"1990","Calgary","","Dollars","81","units ","0","v812682","9","188.40","","","","2"
"1990","Edmonton","","Dollars","81","units ","0","v812681","10","185.20","","","","2"
"1990","Vancouver","","Dollars","81","units ","0","v812680","11","230.20","","","","2"
"1991","Canada","2016A000011124","Dollars","81","units ","0","v812679","1","180.80","","","","2"
"1991","Halifax","","Dollars","81","units ","0","v812689","2","176.00","","","","2"
"1991","Montréal","","Dollars","81","units ","0","v812688","3","173.40","","","","2"
"1991","Ottawa","","Dollars","81","units ","0","v812687","4","172.60","","","","2"
"1991","Toronto","","Dollars","81","units ","0","v812686","5","203.60","","","","2"
"1991","Winnipeg","","Dollars","81","units ","0","v812685","6","200.50","","","","2"
"1991","Saskatoon","","Dollars","81","units ","0","v812684","7","169.30","","","","2"
"1991","Regina","","Dollars","81","units ","0","v812683","8","174.50","","","","2"
"1991","Calgary","","Dollars","81","units ","0","v812682","9","171.30","","","","2"
"1991","Edmonton","","Dollars","81","units ","0","v812681","10","173.30","","","","2"
"1991","Vancouver","","Dollars","81","units ","0","v812680","11","192.50","","","","2"
"1992","Canada","2016A000011124","Dollars","81","units ","0","v812679","1","177.90","","","","2"
"1992","Halifax","","Dollars","81","units ","0","v812689","2","169.80","","","","2"
"1992","Montréal","","Dollars","81","units ","0","v812688","3","175.00","","","","2"
"1992","Ottawa","","Dollars","81","units ","0","v812687","4","173.90","","","","2"
"1992","Toronto","","Dollars","81","units ","0","v812686","5","198.60","","","","2"
"1992","Winnipeg","","Dollars","81","units ","0","v812685","6","193.90","","","","2"
"1992","Saskatoon","","Dollars","81","units ","0","v812684","7","162.60","","","","2"
"1992","Regina","","Dollars","81","units ","0","v812683","8","167.20","","","","2"
"1992","Calgary","","Dollars","81","units ","0","v812682","9","167.20","","","","2"
"1992","Edmonton","","Dollars","81","units ","0","v812681","10","169.90","","","","2"
"1992","Vancouver","","Dollars","81","units ","0","v812680","11","189.40","","","","2"
"1993","Canada","2016A000011124","Dollars","81","units ","0","v812679","1","191.40","","","","2"
"1993","Halifax","","Dollars","81","units ","0","v812689","2","183.60","","","","2"
"1993","Montréal","","Dollars","81","units ","0","v812688","3","172.60","","","","2"
"1993","Ottawa","","Dollars","81","units ","0","v812687","4","184.60","","","","2"
"1993","Toronto","","Dollars","81","units ","0","v812686","5","206.50","","","","2"
"1993","Winnipeg","","Dollars","81","units ","0","v812685","6","213.10","","","","2"
"1993","Saskatoon","","Dollars","81","units ","0","v812684","7","177.00","","","","2"
"1993","Regina","","Dollars","81","units ","0","v812683","8","186.20","","","","2"
"1993","Calgary","","Dollars","81","units ","0","v812682","9","193.70","","","","2"
"1993","Edmonton","","Dollars","81","units ","0","v812681","10","186.30","","","","2"
"1993","Vancouver","","Dollars","81","units ","0","v812680","11","211.90","","","","2"
"1994","Canada","2016A000011124","Dollars","81","units ","0","v812679","1","199.70","","","","2"
"1994","Halifax","","Dollars","81","units ","0","v812689","2","188.20","","","","2"
"1994","Montréal","","Dollars","81","units ","0","v812688","3","187.90","","","","2"
"1994","Ottawa","","Dollars","81","units ","0","v812687","4","202.40","","","","2"
"1994","Toronto","","Dollars","81","units ","0","v812686","5","218.70","","","","2"
"1994","Winnipeg","","Dollars","81","units ","0","v812685","6","219.20","","","","2"
"1994","Saskatoon","","Dollars","81","units ","0","v812684","7","183.40","","","","2"
"1994","Regina","","Dollars","81","units ","0","v812683","8","194.40","","","","2"
"1994","Calgary","","Dollars","81","units ","0","v812682","9","199.70","","","","2"
"1994","Edmonton","","Dollars","81","units ","0","v812681","10","190.40","","","","2"
"1994","Vancouver","","Dollars","81","units ","0","v812680","11","216.80","","","","2"
"1995","Canada","2016A000011124","Dollars","81","units ","0","v812679","1","195.70","","","","2"
"1995","Halifax","","Dollars","81","units ","0","v812689","2","187.80","","","","2"
"1995","Montréal","","Dollars","81","units ","0","v812688","3","184.80","","","","2"
"1995","Ottawa","","Dollars","81","units ","0","v812687","4","199.00","","","","2"
"1995","Toronto","","Dollars","81","units ","0","v812686","5","215.60","","","","2"
"1995","Winnipeg","","Dollars","81","units ","0","v812685","6","209.90","","","","2"
"1995","Saskatoon","","Dollars","81","units ","0","v812684","7","182.40","","","","2"
"1995","Regina","","Dollars","81","units ","0","v812683","8","183.40","","","","2"
"1995","Calgary","","Dollars","81","units ","0","v812682","9","189.00","","","","2"
"1995","Edmonton","","Dollars","81","units ","0","v812681","10","188.40","","","","2"
"1995","Vancouver","","Dollars","81","units ","0","v812680","11","212.30","","","","2"
"1996","Canada","2016A000011124","Dollars","81","units ","0","v812679","1","177.00","","","","2"
"1996","Halifax","","Dollars","81","units ","0","v812689","2","188.10","","","","2"
"1996","Montréal","","Dollars","81","units ","0","v812688","3","175.70","","","","2"
"1996","Ottawa","","Dollars","81","units ","0","v812687","4","186.50","","","","2"
"1996","Toronto","","Dollars","81","units ","0","v812686","5","203.90","","","","2"
"1996","Winnipeg","","Dollars","81","units ","0","v812685","6","187.40","","","","2"
"1996","Saskatoon","","Dollars","81","units ","0","v812684","7","161.60","","","","2"
"1996","Regina","","Dollars","81","units ","0","v812683","8","162.00","","","","2"
"1996","Calgary","","Dollars","81","units ","0","v812682","9","157.80","","","","2"
"1996","Edmonton","","Dollars","81","units ","0","v812681","10","151.90","","","","2"
"1996","Vancouver","","Dollars","81","units ","0","v812680","11","183.20","","","","2"
"1997","Canada","2016A000011124","Dollars","81","units ","0","v812679","1","182.10","","","","2"
"1997","Halifax","","Dollars","81","units ","0","v812689","2","196.40","","","","2"
"1997","Montréal","","Dollars","81","units ","0","v812688","3","182.10","","","","2"
"1997","Ottawa","","Dollars","81","units ","0","v812687","4","179.50","","","","2"
"1997","Toronto","","Dollars","81","units ","0","v812686","5","210.40","","","","2"
"1997","Winnipeg","","Dollars","81","units ","0","v812685","6","191.00","","","","2"
"1997","Saskatoon","","Dollars","81","units ","0","v812684","7","152.20","","","","2"
"1997","Regina","","Dollars","81","units ","0","v812683","8","158.30","","","","2"
"1997","Calgary","","Dollars","81","units ","0","v812682","9","164.10","","","","2"
"1997","Edmonton","","Dollars","81","units ","0","v812681","10","161.10","","","","2"
"1997","Vancouver","","Dollars","81","units ","0","v812680","11","185.00","","","","2"
"1998","Canada","2016A000011124","Dollars","81","units ","0","v812679","1","192.70","","","","2"
"1998","Halifax","","Dollars","81","units ","0","v812689","2","196.70","","","","2"
"1998","Montréal","","Dollars","81","units ","0","v812688","3","194.70","","","","2"
"1998","Ottawa","","Dollars","81","units ","0","v812687","4","209.60","","","","2"
"1998","Toronto","","Dollars","81","units ","0","v812686","5","224.80","","","","2"
"1998","Winnipeg","","Dollars","81","units ","0","v812685","6","214.10","","","","2"
"1998","Saskatoon","","Dollars","81","units ","0","v812684","7","161.60","","","","2"
"1998","Regina","","Dollars","81","units ","0","v812683","8","168.50","","","","2"
"1998","Calgary","","Dollars","81","units ","0","v812682","9","178.10","","","","2"
"1998","Edmonton","","Dollars","81","units ","0","v812681","10","173.40","","","","2"
"1998","Vancouver","","Dollars","81","units ","0","v812680","11","192.60","","","","2"
"1999","Canada","2016A000011124","Dollars","81","units ","0","v812679","1","209.30","","","","2"
"1999","Halifax","","Dollars","81","units ","0","v812689","2","216.00","","","","2"
"1999","Montréal","","Dollars","81","units ","0","v812688","3","209.40","","","","2"
"1999","Ottawa","","Dollars","81","units ","0","v812687","4","229.50","","","","2"
"1999","Toronto","","Dollars","81","units ","0","v812686","5","244.40","","","","2"
"1999","Winnipeg","","Dollars","81","units ","0","v812685","6","220.80","","","","2"
"1999","Saskatoon","","Dollars","81","units ","0","v812684","7","173.80","","","","2"
"1999","Regina","","Dollars","81","units ","0","v812683","8","184.30","","","","2"
"1999","Calgary","","Dollars","81","units ","0","v812682","9","195.50","","","","2"
"1999","Edmonton","","Dollars","81","units ","0","v812681","10","194.30","","","","2"
"1999","Vancouver","","Dollars","81","units ","0","v812680","11","205.10","","","","2"
"2000","Canada","2016A000011124","Dollars","81","units ","0","v812679","1","223.50","","","","2"
"2000","Halifax","","Dollars","81","units ","0","v812689","2","228.70","","","","2"
"2000","Montréal","","Dollars","81","units ","0","v812688","3","235.80","","","","2"
"2000","Ottawa","","Dollars","81","units ","0","v812687","4","257.50","","","","2"
"2000","Toronto","","Dollars","81","units ","0","v812686","5","263.30","","","","2"
"2000","Winnipeg","","Dollars","81","units ","0","v812685","6","221.10","","","","2"
"2000","Saskatoon","","Dollars","81","units ","0","v812684","7","190.00","","","","2"
"2000","Regina","","Dollars","81","units ","0","v812683","8","199.10","","","","2"
"2000","Calgary","","Dollars","81","units ","0","v812682","9","208.10","","","","2"
"2000","Edmonton","","Dollars","81","units ","0","v812681","10","204.60","","","","2"
"2000","Vancouver","","Dollars","81","units ","0","v812680","11","218.20","","","","2"
"2001","Canada","2016A000011124","Dollars","81","units ","0","v812679","1","208.10","","","","2"
"2001","Halifax","","Dollars","81","units ","0","v812689","2","","x","","","2"
"2001","Montréal","","Dollars","81","units ","0","v812688","3","","x","","","2"
"2001","Ottawa","","Dollars","81","units ","0","v812687","4","","x","","","2"
"2001","Toronto","","Dollars","81","units ","0","v812686","5","","x","","","2"
"2001","Winnipeg","","Dollars","81","units ","0","v812685","6","201.80","","","","2"
"2001","Saskatoon","","Dollars","81","units ","0","v812684","7","186.20","E","","","2"
"2001","Regina","","Dollars","81","units ","0","v812683","8","189.30","E","","","2"
"2001","Calgary","","Dollars","81","units ","0","v812682","9","192.50","","","","2"
"2001","Edmonton","","Dollars","81","units ","0","v812681","10","183.50","E","","","2"
"2001","Vancouver","","Dollars","81","units ","0","v812680","11","208.30","","","","2"
"2002","Canada","2016A000011124","Dollars","81","units ","0","v812679","1","212.60","","","","2"
"2002","Halifax","","Dollars","81","units ","0","v812689","2","208.00","","","","2"
"2002","Montréal","","Dollars","81","units ","0","v812688","3","229.50","","","","2"
"2002","Ottawa","","Dollars","81","units ","0","v812687","4","240.20","","","","2"
"2002","Toronto","","Dollars","81","units ","0","v812686","5","256.80","","","","2"
"2002","Winnipeg","","Dollars","81","units ","0","v812685","6","206.70","E","","","2"
"2002","Saskatoon","","Dollars","81","units ","0","v812684","7","181.70","E","","","2"
"2002","Regina","","Dollars","81","units ","0","v812683","8","185.60","E","","","2"
"2002","Calgary","","Dollars","81","units ","0","v812682","9","191.60","","","","2"
"2002","Edmonton","","Dollars","81","units ","0","v812681","10","185.00","E","","","2"
"2002","Vancouver","","Dollars","81","units ","0","v812680","11","216.90","","","","2"
"2003","Canada","2016A000011124","Dollars","81","units ","0","v812679","1","185.10","","","","2"
"2003","Halifax","","Dollars","81","units ","0","v812689","2","170.40","","","","2"
"2003","Montréal","","Dollars","81","units ","0","v812688","3","205.90","","","","2"
"2003","Ottawa","","Dollars","81","units ","0","v812687","4","212.30","","","","2"
"2003","Toronto","","Dollars","81","units ","0","v812686","5","221.00","","","","2"
"2003","Winnipeg","","Dollars","81","units ","0","v812685","6","183.10","E","","","2"
"2003","Saskatoon","","Dollars","81","units ","0","v812684","7","162.70","E","","","2"
"2003","Regina","","Dollars","81","units ","0","v812683","8","167.40","E","","","2"
"2003","Calgary","","Dollars","81","units ","0","v812682","9","168.00","E","","","2"
"2003","Edmonton","","Dollars","81","units ","0","v812681","10","159.10","E","","","2"
"2003","Vancouver","","Dollars","81","units ","0","v812680","11","191.40","","","","2"
"2004","Canada","2016A000011124","Dollars","81","units ","0","v812679","1","180.70","E","","","2"
"2004","Halifax","","Dollars","81","units ","0","v812689","2","165.70","","","","2"
"2004","Montréal","","Dollars","81","units ","0","v812688","3","184.20","","","","2"
"2004","Ottawa","","Dollars","81","units ","0","v812687","4","189.10","","","","2"
"2004","Toronto","","Dollars","81","units ","0","v812686","5","210.90","","","","2"
"2004","Winnipeg","","Dollars","81","units ","0","v812685","6","176.10","E","","","2"
"2004","Saskatoon","","Dollars","81","units ","0","v812684","7","163.50","E","","","2"
"2004","Regina","","Dollars","81","units ","0","v812683","8","160.30","E","","","2"
"2004","Calgary","","Dollars","81","units ","0","v812682","9","165.10","E","","","2"
"2004","Edmonton","","Dollars","81","units ","0","v812681","10","161.70","E","","","2"
"2004","Vancouver","","Dollars","81","units ","0","v812680","11","198.80","E","","","2"
"2005","Canada","2016A000011124","Dollars","81","units ","0","v812679","1","191.40","E","","","2"
"2005","Halifax","","Dollars","81","units ","0","v812689","2","183.50","","","","2"
"2005","Montréal","","Dollars","81","units ","0","v812688","3","201.40","","","","2"
"2005","Ottawa","","Dollars","81","units ","0","v812687","4","198.80","","","","2"
"2005","Toronto","","Dollars","81","units ","0","v812686","5","222.00","","","","2"
"2005","Winnipeg","","Dollars","81","units ","0","v812685","6","177.90","E","","","2"
"2005","Saskatoon","","Dollars","81","units ","0","v812684","7","168.20","E","","","2"
"2005","Regina","","Dollars","81","units ","0","v812683","8","168.00","E","","","2"
"2005","Calgary","","Dollars","81","units ","0","v812682","9","175.10","E","","","2"
"2005","Edmonton","","Dollars","81","units ","0","v812681","10","169.40","E","","","2"
"2005","Vancouver","","Dollars","81","units ","0","v812680","11","208.30","E","","","2"
"2006","Canada","2016A000011124","Dollars","81","units ","0","v812679","1","192.00","E","","","2"
"2006","Halifax","","Dollars","81","units ","0","v812689","2","183.10","","","","2"
"2006","Montréal","","Dollars","81","units ","0","v812688","3","205.20","","","","2"
"2006","Ottawa","","Dollars","81","units ","0","v812687","4","205.20","","","","2"
"2006","Toronto","","Dollars","81","units ","0","v812686","5","223.60","","","","2"
"2006","Winnipeg","","Dollars","81","units ","0","v812685","6","180.40","E","","","2"
"2006","Saskatoon","","Dollars","81","units ","0","v812684","7","","x","","","2"
"2006","Regina","","Dollars","81","units ","0","v812683","8","","x","","","2"
"2006","Calgary","","Dollars","81","units ","0","v812682","9","174.20","E","","","2"
"2006","Edmonton","","Dollars","81","units ","0","v812681","10","170.70","E","","","2"
"2006","Vancouver","","Dollars","81","units ","0","v812680","11","207.00","E","","","2"
"2007","Canada","2016A000011124","Dollars","81","units ","0","v812679","1","190.00","","","","2"
"2007","Halifax","","Dollars","81","units ","0","v812689","2","188.50","","","","2"
"2007","Montréal","","Dollars","81","units ","0","v812688","3","195.00","","","","2"
"2007","Ottawa","","Dollars","81","units ","0","v812687","4","200.00","","","","2"
"2007","Toronto","","Dollars","81","units ","0","v812686","5","217.60","","","","2"
"2007","Winnipeg","","Dollars","81","units ","0","v812685","6","184.00","","","","2"
"2007","Saskatoon","","Dollars","81","units ","0","v812684","7","","x","","","2"
"2007","Regina","","Dollars","81","units ","0","v812683","8","","x","","","2"
"2007","Calgary","","Dollars","81","units ","0","v812682","9","178.40","","","","2"
"2007","Edmonton","","Dollars","81","units ","0","v812681","10","171.50","","","","2"
"2007","Vancouver","","Dollars","81","units ","0","v812680","11","204.20","","","","2"
"2008","Canada","2016A000011124","Dollars","81","units ","0","v812679","1","196.30","","","","2"
"2008","Halifax","","Dollars","81","units ","0","v812689","2","197.20","","","","2"
"2008","Montréal","","Dollars","81","units ","0","v812688","3","194.30","","","","2"
"2008","Ottawa","","Dollars","81","units ","0","v812687","4","205.80","","","","2"
"2008","Toronto","","Dollars","81","units ","0","v812686","5","219.80","","","","2"
"2008","Winnipeg","","Dollars","81","units ","0","v812685","6","191.50","","","","2"
"2008","Saskatoon","","Dollars","81","units ","0","v812684","7","184.00","","","","2"
"2008","Regina","","Dollars","81","units ","0","v812683","8","","x","","","2"
"2008","Calgary","","Dollars","81","units ","0","v812682","9","185.20","","","","2"
"2008","Edmonton","","Dollars","81","units ","0","v812681","10","180.50","","","","2"
"2008","Vancouver","","Dollars","81","units ","0","v812680","11","209.10","","","","2"
"2009","Canada","2016A000011124","Dollars","81","units ","0","v812679","1","173.00","","","","2"
"2009","Halifax","","Dollars","81","units ","0","v812689","2","170.80","","","","2"
"2009","Montréal","","Dollars","81","units ","0","v812688","3","177.80","","","","2"
"2009","Ottawa","","Dollars","81","units ","0","v812687","4","189.30","","","","2"
"2009","Toronto","","Dollars","81","units ","0","v812686","5","194.40","","","","2"
"2009","Winnipeg","","Dollars","81","units ","0","v812685","6","169.90","","","","2"
"2009","Saskatoon","","Dollars","81","units ","0","v812684","7","160.50","","","","2"
"2009","Regina","","Dollars","81","units ","0","v812683","8","160.00","","","","2"
"2009","Calgary","","Dollars","81","units ","0","v812682","9","156.40","","","","2"
"2009","Edmonton","","Dollars","81","units ","0","v812681","10","154.20","","","","2"
"2009","Vancouver","","Dollars","81","units ","0","v812680","11","182.60","","","","2"
"2010","Canada","2016A000011124","Dollars","81","units ","0","v812679","1","182.50","","","","2"
"2010","Halifax","","Dollars","81","units ","0","v812689","2","172.00","","","","2"
"2010","Montréal","","Dollars","81","units ","0","v812688","3","191.10","","","","2"
"2010","Ottawa","","Dollars","81","units ","0","v812687","4","196.00","","","","2"
"2010","Toronto","","Dollars","81","units ","0","v812686","5","205.20","","","","2"
"2010","Winnipeg","","Dollars","81","units ","0","v812685","6","181.00","","","","2"
"2010","Saskatoon","","Dollars","81","units ","0","v812684","7","170.20","","","","2"
"2010","Regina","","Dollars","81","units ","0","v812683","8","168.10","","","","2"
"2010","Calgary","","Dollars","81","units ","0","v812682","9","165.50","","","","2"
"2010","Edmonton","","Dollars","81","units ","0","v812681","10","160.80","","","","2"
"2010","Vancouver","","Dollars","81","units ","0","v812680","11","199.20","","","","2"
"2011","Canada","2016A000011124","Dollars","81","units ","0","v812679","1","190.70","","","","2"
"2011","Halifax","","Dollars","81","units ","0","v812689","2","179.30","","","","2"
"2011","Montréal","","Dollars","81","units ","0","v812688","3","194.10","","","","2"
"2011","Ottawa","","Dollars","81","units ","0","v812687","4","194.80","","","","2"
"2011","Toronto","","Dollars","81","units ","0","v812686","5","214.90","","","","2"
"2011","Winnipeg","","Dollars","81","units ","0","v812685","6","189.40","","","","2"
"2011","Saskatoon","","Dollars","81","units ","0","v812684","7","178.80","","","","2"
"2011","Regina","","Dollars","81","units ","0","v812683","8","177.80","","","","2"
"2011","Calgary","","Dollars","81","units ","0","v812682","9","176.20","","","","2"
"2011","Edmonton","","Dollars","81","units ","0","v812681","10","170.00","","","","2"
"2011","Vancouver","","Dollars","81","units ","0","v812680","11","206.70","","","","2"
"2012","Canada","2016A000011124","Dollars","81","units ","0","v812679","1","192.20","","","","2"
"2012","Halifax","","Dollars","81","units ","0","v812689","2","185.90","","","","2"
"2012","Montréal","","Dollars","81","units ","0","v812688","3","188.50","","","","2"
"2012","Ottawa","","Dollars","81","units ","0","v812687","4","192.20","","","","2"
"2012","Toronto","","Dollars","81","units ","0","v812686","5","214.90","","","","2"
"2012","Winnipeg","","Dollars","81","units ","0","v812685","6","191.70","","","","2"
"2012","Saskatoon","","Dollars","81","units ","0","v812684","7","190.10","","","","2"
"2012","Regina","","Dollars","81","units ","0","v812683","8","182.80","","","","2"
"2012","Calgary","","Dollars","81","units ","0","v812682","9","181.40","","","","2"
"2012","Edmonton","","Dollars","81","units ","0","v812681","10","177.80","","","","2"
"2012","Vancouver","","Dollars","81","units ","0","v812680","11","207.30","","","","2"
"2013","Canada","2016A000011124","Dollars","81","units ","0","v812679","1","190.80","","","","2"
"2013","Halifax","","Dollars","81","units ","0","v812689","2","185.80","","","","2"
"2013","Montréal","","Dollars","81","units ","0","v812688","3","181.70","","","","2"
"2013","Ottawa","","Dollars","81","units ","0","v812687","4","178.60","","","","2"
"2013","Toronto","","Dollars","81","units ","0","v812686","5","214.40","","","","2"
"2013","Winnipeg","","Dollars","81","units ","0","v812685","6","201.30","","","","2"
"2013","Saskatoon","","Dollars","81","units ","0","v812684","7","180.40","","","","2"
"2013","Regina","","Dollars","81","units ","0","v812683","8","179.30","","","","2"
"2013","Calgary","","Dollars","81","units ","0","v812682","9","181.30","","","","2"
"2013","Edmonton","","Dollars","81","units ","0","v812681","10","181.90","","","","2"
"2013","Vancouver","","Dollars","81","units ","0","v812680","11","204.40","","","","2"
"2014","Canada","2016A000011124","Dollars","81","units ","0","v812679","1","184.90","","","","2"
"2014","Halifax","","Dollars","81","units ","0","v812689","2","176.30","","","","2"
"2014","Montréal","","Dollars","81","units ","0","v812688","3","175.50","","","","2"
"2014","Ottawa","","Dollars","81","units ","0","v812687","4","170.50","","","","2"
"2014","Toronto","","Dollars","81","units ","0","v812686","5","208.80","","","","2"
"2014","Winnipeg","","Dollars","81","units ","0","v812685","6","190.70","","","","2"
"2014","Saskatoon","","Dollars","81","units ","0","v812684","7","167.10","","","","2"
"2014","Regina","","Dollars","81","units ","0","v812683","8","170.30","","","","2"
"2014","Calgary","","Dollars","81","units ","0","v812682","9","178.00","","","","2"
"2014","Edmonton","","Dollars","81","units ","0","v812681","10","180.10","","","","2"
"2014","Vancouver","","Dollars","81","units ","0","v812680","11","201.20","","","","2"
"2015","Canada","2016A000011124","Dollars","81","units ","0","v812679","1","176.70","","","","2"
"2015","Halifax","","Dollars","81","units ","0","v812689","2","175.10","","","","2"
"2015","Montréal","","Dollars","81","units ","0","v812688","3","171.40","","","","2"
"2015","Ottawa","","Dollars","81","units ","0","v812687","4","164.30","","","","2"
"2015","Toronto","","Dollars","81","units ","0","v812686","5","201.70","","","","2"
"2015","Winnipeg","","Dollars","81","units ","0","v812685","6","182.70","","","","2"
"2015","Saskatoon","","Dollars","81","units ","0","v812684","7","156.20","","","","2"
"2015","Regina","","Dollars","81","units ","0","v812683","8","161.80","","","","2"
"2015","Calgary","","Dollars","81","units ","0","v812682","9","168.10","","","","2"
"2015","Edmonton","","Dollars","81","units ","0","v812681","10","167.70","","","","2"
"2015","Vancouver","","Dollars","81","units ","0","v812680","11","197.80","","","","2"
"2016","Canada","2016A000011124","Dollars","81","units ","0","v812679","1","167.50","","","","2"
"2016","Halifax","","Dollars","81","units ","0","v812689","2","160.60","","","","2"
"2016","Montréal","","Dollars","81","units ","0","v812688","3","161.60","","","","2"
"2016","Ottawa","","Dollars","81","units ","0","v812687","4","154.90","","","","2"
"2016","Toronto","","Dollars","81","units ","0","v812686","5","192.10","","","","2"
"2016","Winnipeg","","Dollars","81","units ","0","v812685","6","170.90","","","","2"
"2016","Saskatoon","","Dollars","81","units ","0","v812684","7","144.30","","","","2"
"2016","Regina","","Dollars","81","units ","0","v812683","8","157.60","","","","2"
"2016","Calgary","","Dollars","81","units ","0","v812682","9","158.80","","","","2"
"2016","Edmonton","","Dollars","81","units ","0","v812681","10","158.10","","","","2"
"2016","Vancouver","","Dollars","81","units ","0","v812680","11","192.30","","","","2"
"2017","Canada","2016A000011124","Dollars","81","units ","0","v812679","1","168.30","","","","2"
"2017","Halifax","","Dollars","81","units ","0","v812689","2","158.90","","","","2"
"2017","Montréal","","Dollars","81","units ","0","v812688","3","160.90","","","","2"
"2017","Ottawa","","Dollars","81","units ","0","v812687","4","160.60","","","","2"
"2017","Toronto","","Dollars","81","units ","0","v812686","5","193.20","","","","2"
"2017","Winnipeg","","Dollars","81","units ","0","v812685","6","169.50","","","","2"
"2017","Saskatoon","","Dollars","81","units ","0","v812684","7","150.10","","","","2"
"2017","Regina","","Dollars","81","units ","0","v812683","8","159.00","","","","2"
"2017","Calgary","","Dollars","81","units ","0","v812682","9","162.90","","","","2"
"2017","Edmonton","","Dollars","81","units ","0","v812681","10","","x","","","2"
"2017","Vancouver","","Dollars","81","units ","0","v812680","11","193.40","","","","2"
"2018","Canada","2016A000011124","Dollars","81","units ","0","v812679","1","164.90","","","","2"
"2018","Halifax","","Dollars","81","units ","0","v812689","2","158.50","","","","2"
"2018","Montréal","","Dollars","81","units ","0","v812688","3","163.60","","","","2"
"2018","Ottawa","","Dollars","81","units ","0","v812687","4","162.20","","","","2"
"2018","Toronto","","Dollars","81","units ","0","v812686","5","190.60","","","","2"
"2018","Winnipeg","","Dollars","81","units ","0","v812685","6","167.10","","","","2"
"2018","Saskatoon","","Dollars","81","units ","0","v812684","7","147.20","","","","2"
"2018","Regina","","Dollars","81","units ","0","v812683","8","156.70","","","","2"
"2018","Calgary","","Dollars","81","units ","0","v812682","9","154.30","","","","2"
"2018","Edmonton","","Dollars","81","units ","0","v812681","10","150.30","","","","2"
"2018","Vancouver","","Dollars","81","units ","0","v812680","11","187.90","","","","2"
